Anno di censimento;Eta;Genere;Numerosita
1881;0;Donne;3333
1881;1;Donne;3027
1881;2;Donne;3142
1881;3;Donne;3065
1881;4;Donne;2930
1881;5;Donne;2961
1881;6;Donne;2816
1881;7;Donne;2568
1881;8;Donne;2399
1881;9;Donne;2432
1881;10;Donne;2262
1881;11;Donne;2447
1881;12;Donne;2454
1881;13;Donne;2386
1881;14;Donne;2590
1881;15;Donne;2668
1881;16;Donne;2680
1881;17;Donne;2725
1881;18;Donne;2909
1881;19;Donne;2733
1881;20;Donne;2745
1881;21;Donne;2798
1881;22;Donne;3086
1881;23;Donne;2777
1881;24;Donne;3025
1881;25;Donne;3126
1881;26;Donne;2946
1881;27;Donne;2902
1881;28;Donne;2817
1881;29;Donne;2839
1881;30;Donne;2834
1881;31;Donne;2686
1881;32;Donne;2367
1881;33;Donne;3223
1881;34;Donne;2418
1881;35;Donne;2592
1881;36;Donne;2574
1881;37;Donne;2595
1881;38;Donne;2416
1881;39;Donne;2280
1881;40;Donne;2500
1881;41;Donne;2352
1881;42;Donne;2079
1881;43;Donne;2095
1881;44;Donne;1805
1881;45;Donne;2426
1881;46;Donne;1813
1881;47;Donne;1840
1881;48;Donne;1737
1881;49;Donne;1450
1881;50;Donne;1934
1881;51;Donne;1694
1881;52;Donne;1570
1881;53;Donne;1466
1881;54;Donne;1412
1881;55;Donne;1511
1881;56;Donne;1319
1881;57;Donne;1243
1881;58;Donne;1061
1881;59;Donne;1109
1881;60;Donne;1420
1881;61;Donne;1247
1881;62;Donne;976
1881;63;Donne;892
1881;64;Donne;984
1881;65;Donne;905
1881;66;Donne;774
1881;67;Donne;700
1881;68;Donne;709
1881;69;Donne;627
1881;70;Donne;707
1881;71;Donne;583
1881;72;Donne;493
1881;73;Donne;475
1881;74;Donne;394
1881;75;Donne;383
1881;76;Donne;335
1881;77;Donne;273
1881;78;Donne;200
1881;79;Donne;156
1881;80;Donne;140
1881;81;Donne;115
1881;82;Donne;56
1881;83;Donne;49
1881;84;Donne;54
1881;85;Donne;26
1881;86;Donne;25
1881;87;Donne;13
1881;88;Donne;14
1881;89;Donne;13
1881;90;Donne;14
1881;91;Donne;7
1881;92;Donne;2
1881;93;Donne;1
1881;94;Donne;1
1881;95;Donne;2
1881;96;Donne;1
1881;97;Donne;0
1881;98;Donne;0
1881;99;Donne;1
1881;100 e più;Donne;0
1881;0;Uomini;3369
1881;1;Uomini;3041
1881;2;Uomini;3114
1881;3;Uomini;3057
1881;4;Uomini;2882
1881;5;Uomini;2791
1881;6;Uomini;2809
1881;7;Uomini;2397
1881;8;Uomini;2386
1881;9;Uomini;2302
1881;10;Uomini;2286
1881;11;Uomini;2427
1881;12;Uomini;2522
1881;13;Uomini;2579
1881;14;Uomini;2763
1881;15;Uomini;2939
1881;16;Uomini;2886
1881;17;Uomini;3028
1881;18;Uomini;3066
1881;19;Uomini;2815
1881;20;Uomini;2965
1881;21;Uomini;4364
1881;22;Uomini;4518
1881;23;Uomini;3284
1881;24;Uomini;3453
1881;25;Uomini;3108
1881;26;Uomini;3270
1881;27;Uomini;2765
1881;28;Uomini;2875
1881;29;Uomini;2851
1881;30;Uomini;2980
1881;31;Uomini;2844
1881;32;Uomini;2421
1881;33;Uomini;2649
1881;34;Uomini;2348
1881;35;Uomini;2561
1881;36;Uomini;2611
1881;37;Uomini;2568
1881;38;Uomini;2514
1881;39;Uomini;2374
1881;40;Uomini;2431
1881;41;Uomini;2413
1881;42;Uomini;2109
1881;43;Uomini;2109
1881;44;Uomini;1934
1881;45;Uomini;2186
1881;46;Uomini;1972
1881;47;Uomini;1932
1881;48;Uomini;1802
1881;49;Uomini;1646
1881;50;Uomini;1921
1881;51;Uomini;1732
1881;52;Uomini;1561
1881;53;Uomini;1575
1881;54;Uomini;1444
1881;55;Uomini;1440
1881;56;Uomini;1411
1881;57;Uomini;1318
1881;58;Uomini;1117
1881;59;Uomini;1177
1881;60;Uomini;1308
1881;61;Uomini;1122
1881;62;Uomini;1088
1881;63;Uomini;899
1881;64;Uomini;902
1881;65;Uomini;820
1881;66;Uomini;734
1881;67;Uomini;698
1881;68;Uomini;607
1881;69;Uomini;584
1881;70;Uomini;596
1881;71;Uomini;498
1881;72;Uomini;448
1881;73;Uomini;426
1881;74;Uomini;352
1881;75;Uomini;309
1881;76;Uomini;241
1881;77;Uomini;204
1881;78;Uomini;148
1881;79;Uomini;143
1881;80;Uomini;113
1881;81;Uomini;94
1881;82;Uomini;47
1881;83;Uomini;35
1881;84;Uomini;34
1881;85;Uomini;13
1881;86;Uomini;16
1881;87;Uomini;16
1881;88;Uomini;11
1881;89;Uomini;5
1881;90;Uomini;8
1881;91;Uomini;2
1881;92;Uomini;1
1881;93;Uomini;0
1881;94;Uomini;0
1881;95;Uomini;0
1881;96;Uomini;1
1881;97;Uomini;0
1881;98;Uomini;1
1881;99;Uomini;0
1881;100 e più;Uomini;0
1901;0;Donne;5323
1901;1;Donne;4865
1901;2;Donne;4457
1901;3;Donne;4242
1901;4;Donne;4313
1901;5;Donne;4097
1901;6;Donne;4068
1901;7;Donne;4094
1901;8;Donne;4000
1901;9;Donne;4076
1901;10;Donne;4311
1901;11;Donne;4415
1901;12;Donne;4464
1901;13;Donne;4317
1901;14;Donne;4366
1901;15;Donne;4366
1901;16;Donne;4622
1901;17;Donne;4622
1901;18;Donne;4824
1901;19;Donne;4779
1901;20;Donne;4729
1901;21;Donne;4753
1901;22;Donne;4848
1901;23;Donne;4892
1901;24;Donne;4953
1901;25;Donne;4857
1901;26;Donne;4382
1901;27;Donne;4310
1901;28;Donne;4108
1901;29;Donne;3713
1901;30;Donne;4243
1901;31;Donne;3969
1901;32;Donne;3761
1901;33;Donne;3817
1901;34;Donne;3990
1901;35;Donne;3717
1901;36;Donne;3719
1901;37;Donne;3767
1901;38;Donne;3341
1901;39;Donne;3131
1901;40;Donne;3327
1901;41;Donne;3614
1901;42;Donne;2982
1901;43;Donne;3093
1901;44;Donne;3044
1901;45;Donne;3130
1901;46;Donne;2786
1901;47;Donne;2770
1901;48;Donne;2766
1901;49;Donne;2581
1901;50;Donne;2775
1901;51;Donne;2272
1901;52;Donne;3371
1901;53;Donne;2241
1901;54;Donne;2444
1901;55;Donne;2411
1901;56;Donne;2601
1901;57;Donne;2096
1901;58;Donne;2117
1901;59;Donne;1822
1901;60;Donne;2204
1901;61;Donne;1625
1901;62;Donne;1764
1901;63;Donne;1466
1901;64;Donne;1727
1901;65;Donne;1430
1901;66;Donne;1279
1901;67;Donne;1247
1901;68;Donne;1012
1901;69;Donne;937
1901;70;Donne;1053
1901;71;Donne;746
1901;72;Donne;760
1901;73;Donne;640
1901;74;Donne;568
1901;75;Donne;502
1901;76;Donne;424
1901;77;Donne;347
1901;78;Donne;332
1901;79;Donne;250
1901;80;Donne;223
1901;81;Donne;171
1901;82;Donne;134
1901;83;Donne;108
1901;84;Donne;81
1901;85;Donne;55
1901;86;Donne;44
1901;87;Donne;32
1901;88;Donne;21
1901;89;Donne;13
1901;90;Donne;14
1901;91;Donne;9
1901;92;Donne;5
1901;93;Donne;1
1901;94;Donne;0
1901;95;Donne;2
1901;96;Donne;1
1901;97;Donne;2
1901;98;Donne;0
1901;99;Donne;0
1901;100 e più;Donne;0
1901;0;Uomini;5435
1901;1;Uomini;4723
1901;2;Uomini;4393
1901;3;Uomini;4320
1901;4;Uomini;4379
1901;5;Uomini;4192
1901;6;Uomini;4146
1901;7;Uomini;4105
1901;8;Uomini;3959
1901;9;Uomini;4179
1901;10;Uomini;4227
1901;11;Uomini;4224
1901;12;Uomini;4519
1901;13;Uomini;4393
1901;14;Uomini;4717
1901;15;Uomini;4581
1901;16;Uomini;4728
1901;17;Uomini;4835
1901;18;Uomini;4736
1901;19;Uomini;5020
1901;20;Uomini;5174
1901;21;Uomini;6823
1901;22;Uomini;6178
1901;23;Uomini;4662
1901;24;Uomini;4930
1901;25;Uomini;4720
1901;26;Uomini;4133
1901;27;Uomini;4170
1901;28;Uomini;3986
1901;29;Uomini;3914
1901;30;Uomini;3973
1901;31;Uomini;3816
1901;32;Uomini;3693
1901;33;Uomini;3702
1901;34;Uomini;3916
1901;35;Uomini;3632
1901;36;Uomini;3587
1901;37;Uomini;3655
1901;38;Uomini;3417
1901;39;Uomini;3341
1901;40;Uomini;3004
1901;41;Uomini;3290
1901;42;Uomini;2987
1901;43;Uomini;3226
1901;44;Uomini;2976
1901;45;Uomini;3018
1901;46;Uomini;2748
1901;47;Uomini;2723
1901;48;Uomini;2734
1901;49;Uomini;2546
1901;50;Uomini;2547
1901;51;Uomini;2228
1901;52;Uomini;2349
1901;53;Uomini;1921
1901;54;Uomini;2176
1901;55;Uomini;2120
1901;56;Uomini;2185
1901;57;Uomini;1953
1901;58;Uomini;2010
1901;59;Uomini;1728
1901;60;Uomini;1766
1901;61;Uomini;1551
1901;62;Uomini;1544
1901;63;Uomini;1309
1901;64;Uomini;1327
1901;65;Uomini;1143
1901;66;Uomini;1119
1901;67;Uomini;999
1901;68;Uomini;878
1901;69;Uomini;780
1901;70;Uomini;810
1901;71;Uomini;597
1901;72;Uomini;615
1901;73;Uomini;503
1901;74;Uomini;452
1901;75;Uomini;391
1901;76;Uomini;316
1901;77;Uomini;269
1901;78;Uomini;228
1901;79;Uomini;156
1901;80;Uomini;140
1901;81;Uomini;109
1901;82;Uomini;74
1901;83;Uomini;58
1901;84;Uomini;43
1901;85;Uomini;38
1901;86;Uomini;22
1901;87;Uomini;24
1901;88;Uomini;16
1901;89;Uomini;9
1901;90;Uomini;3
1901;91;Uomini;0
1901;92;Uomini;0
1901;93;Uomini;0
1901;94;Uomini;0
1901;95;Uomini;0
1901;96;Uomini;0
1901;97;Uomini;0
1901;98;Uomini;0
1901;99;Uomini;0
1901;100 e più;Uomini;0
1911;0;Donne;4854
1911;1;Donne;4667
1911;2;Donne;5113
1911;3;Donne;4956
1911;4;Donne;4827
1911;5;Donne;4750
1911;6;Donne;4639
1911;7;Donne;4749
1911;8;Donne;4673
1911;9;Donne;4548
1911;10;Donne;4681
1911;11;Donne;4639
1911;12;Donne;4722
1911;13;Donne;4837
1911;14;Donne;5184
1911;15;Donne;5389
1911;16;Donne;5399
1911;17;Donne;5579
1911;18;Donne;5710
1911;19;Donne;5762
1911;20;Donne;6145
1911;21;Donne;6329
1911;22;Donne;6632
1911;23;Donne;6420
1911;24;Donne;6495
1911;25;Donne;6369
1911;26;Donne;6331
1911;27;Donne;6223
1911;28;Donne;6106
1911;29;Donne;5658
1911;30;Donne;5980
1911;31;Donne;5147
1911;32;Donne;5230
1911;33;Donne;5139
1911;34;Donne;5043
1911;35;Donne;5101
1911;36;Donne;4567
1911;37;Donne;4142
1911;38;Donne;4055
1911;39;Donne;3804
1911;40;Donne;4266
1911;41;Donne;3650
1911;42;Donne;3778
1911;43;Donne;3427
1911;44;Donne;3702
1911;45;Donne;3852
1911;46;Donne;3413
1911;47;Donne;3387
1911;48;Donne;3347
1911;49;Donne;2836
1911;50;Donne;3417
1911;51;Donne;2863
1911;52;Donne;3164
1911;53;Donne;2699
1911;54;Donne;2795
1911;55;Donne;2963
1911;56;Donne;2681
1911;57;Donne;2429
1911;58;Donne;2444
1911;59;Donne;2194
1911;60;Donne;2650
1911;61;Donne;1928
1911;62;Donne;2034
1911;63;Donne;2198
1911;64;Donne;1714
1911;65;Donne;1875
1911;66;Donne;1693
1911;67;Donne;1619
1911;68;Donne;1421
1911;69;Donne;1240
1911;70;Donne;1384
1911;71;Donne;1043
1911;72;Donne;1011
1911;73;Donne;866
1911;74;Donne;794
1911;75;Donne;779
1911;76;Donne;579
1911;77;Donne;499
1911;78;Donne;444
1911;79;Donne;310
1911;80;Donne;348
1911;81;Donne;218
1911;82;Donne;172
1911;83;Donne;145
1911;84;Donne;139
1911;85;Donne;68
1911;86;Donne;75
1911;87;Donne;51
1911;88;Donne;35
1911;89;Donne;33
1911;90;Donne;17
1911;91;Donne;13
1911;92;Donne;9
1911;93;Donne;6
1911;94;Donne;6
1911;95;Donne;1
1911;96;Donne;3
1911;97;Donne;1
1911;98;Donne;1
1911;99;Donne;0
1911;100 e più;Donne;0
1911;0;Uomini;4966
1911;1;Uomini;4628
1911;2;Uomini;5074
1911;3;Uomini;5028
1911;4;Uomini;4674
1911;5;Uomini;4515
1911;6;Uomini;4592
1911;7;Uomini;4667
1911;8;Uomini;4698
1911;9;Uomini;4569
1911;10;Uomini;4798
1911;11;Uomini;4634
1911;12;Uomini;4968
1911;13;Uomini;5154
1911;14;Uomini;5501
1911;15;Uomini;5637
1911;16;Uomini;5760
1911;17;Uomini;5823
1911;18;Uomini;5992
1911;19;Uomini;5986
1911;20;Uomini;7446
1911;21;Uomini;7919
1911;22;Uomini;7297
1911;23;Uomini;6705
1911;24;Uomini;6606
1911;25;Uomini;6505
1911;26;Uomini;6260
1911;27;Uomini;6330
1911;28;Uomini;6197
1911;29;Uomini;5911
1911;30;Uomini;6007
1911;31;Uomini;5356
1911;32;Uomini;5484
1911;33;Uomini;5285
1911;34;Uomini;5023
1911;35;Uomini;5276
1911;36;Uomini;4364
1911;37;Uomini;4055
1911;38;Uomini;4083
1911;39;Uomini;3833
1911;40;Uomini;3943
1911;41;Uomini;3480
1911;42;Uomini;3666
1911;43;Uomini;3429
1911;44;Uomini;3398
1911;45;Uomini;3568
1911;46;Uomini;3293
1911;47;Uomini;3235
1911;48;Uomini;3273
1911;49;Uomini;3092
1911;50;Uomini;3080
1911;51;Uomini;2640
1911;52;Uomini;2820
1911;53;Uomini;2850
1911;54;Uomini;2484
1911;55;Uomini;2570
1911;56;Uomini;2402
1911;57;Uomini;2242
1911;58;Uomini;2191
1911;59;Uomini;2005
1911;60;Uomini;2083
1911;61;Uomini;1778
1911;62;Uomini;1591
1911;63;Uomini;1610
1911;64;Uomini;1386
1911;65;Uomini;1487
1911;66;Uomini;1372
1911;67;Uomini;1248
1911;68;Uomini;1078
1911;69;Uomini;1020
1911;70;Uomini;956
1911;71;Uomini;781
1911;72;Uomini;685
1911;73;Uomini;659
1911;74;Uomini;476
1911;75;Uomini;487
1911;76;Uomini;391
1911;77;Uomini;321
1911;78;Uomini;253
1911;79;Uomini;210
1911;80;Uomini;180
1911;81;Uomini;127
1911;82;Uomini;117
1911;83;Uomini;96
1911;84;Uomini;71
1911;85;Uomini;55
1911;86;Uomini;26
1911;87;Uomini;25
1911;88;Uomini;8
1911;89;Uomini;9
1911;90;Uomini;6
1911;91;Uomini;7
1911;92;Uomini;3
1911;93;Uomini;2
1911;94;Uomini;1
1911;95;Uomini;4
1911;96;Uomini;0
1911;97;Uomini;1
1911;98;Uomini;0
1911;99;Uomini;0
1911;100 e più;Uomini;0
1921;0;Donne;4875
1921;1;Donne;5038
1921;2;Donne;3271
1921;3;Donne;2772
1921;4;Donne;3165
1921;5;Donne;3722
1921;6;Donne;5048
1921;7;Donne;5503
1921;8;Donne;5828
1921;9;Donne;5829
1921;10;Donne;6034
1921;11;Donne;6210
1921;12;Donne;6122
1921;13;Donne;6457
1921;14;Donne;6502
1921;15;Donne;6641
1921;16;Donne;6724
1921;17;Donne;6913
1921;18;Donne;6747
1921;19;Donne;7012
1921;20;Donne;6972
1921;21-24;Donne;29311
1921;25-29;Donne;36889
1921;30-34;Donne;35094
1921;35-39;Donne;31919
1921;40-44;Donne;27077
1921;45-49;Donne;22543
1921;50-54;Donne;18374
1921;55-59;Donne;16369
1921;60-64;Donne;13251
1921;65-69;Donne;10281
1921;70-74;Donne;7189
1921;75-79;Donne;3838
1921;80-84;Donne;1581
1921;85-89;Donne;453
1921;90-94;Donne;74
1921;95-99;Donne;11
1921;100 e più;Donne;1
1921;Età ignota;Donne;317
1921;0;Uomini;5324
1921;1;Uomini;5236
1921;2;Uomini;3330
1921;3;Uomini;3100
1921;4;Uomini;3242
1921;5;Uomini;4016
1921;6;Uomini;5218
1921;7;Uomini;5498
1921;8;Uomini;5826
1921;9;Uomini;5789
1921;10;Uomini;6100
1921;11;Uomini;5899
1921;12;Uomini;6083
1921;13;Uomini;6288
1921;14;Uomini;6276
1921;15;Uomini;6176
1921;16;Uomini;6175
1921;17;Uomini;6221
1921;18;Uomini;6444
1921;19;Uomini;6715
1921;20;Uomini;7539
1921;21-24;Uomini;27610
1921;25-29;Uomini;33492
1921;30-34;Uomini;33108
1921;35-39;Uomini;30063
1921;40-44;Uomini;26884
1921;45-49;Uomini;21292
1921;50-54;Uomini;16903
1921;55-59;Uomini;14255
1921;60-64;Uomini;10932
1921;65-69;Uomini;7737
1921;70-74;Uomini;4507
1921;75-79;Uomini;2305
1921;80-84;Uomini;804
1921;85-89;Uomini;174
1921;90-94;Uomini;17
1921;95-99;Uomini;3
1921;100 e più;Uomini;0
1921;Età ignota;Uomini;262
1931;0;Donne;6773
1931;1;Donne;6286
1931;2;Donne;5677
1931;3;Donne;5762
1931;4;Donne;5678
1931;5;Donne;5717
1931;6;Donne;5854
1931;7;Donne;6087
1931;8;Donne;6267
1931;9;Donne;6778
1931;10;Donne;6749
1931;11;Donne;5744
1931;12;Donne;3791
1931;13;Donne;4431
1931;14;Donne;5515
1931;15;Donne;7777
1931;16;Donne;9253
1931;17;Donne;10110
1931;18;Donne;10628
1931;19;Donne;10900
1931;20;Donne;11210
1931;21;Donne;11098
1931;22;Donne;11237
1931;23;Donne;11089
1931;24;Donne;10892
1931;25;Donne;10667
1931;26;Donne;10618
1931;27;Donne;10563
1931;28;Donne;10388
1931;29;Donne;9894
1931;30;Donne;10113
1931;31;Donne;9867
1931;32;Donne;9853
1931;33;Donne;9902
1931;34;Donne;9895
1931;35;Donne;9350
1931;36;Donne;9216
1931;37;Donne;9172
1931;38;Donne;8398
1931;39;Donne;8504
1931;40;Donne;8526
1931;41;Donne;8554
1931;42;Donne;8369
1931;43;Donne;8066
1931;44;Donne;7942
1931;45;Donne;7454
1931;46;Donne;7386
1931;47;Donne;7042
1931;48;Donne;6704
1931;49;Donne;6578
1931;50;Donne;6151
1931;51;Donne;6085
1931;52;Donne;5829
1931;53;Donne;5654
1931;54;Donne;5355
1931;55;Donne;5685
1931;56;Donne;4643
1931;57;Donne;4316
1931;58;Donne;4139
1931;59;Donne;3895
1931;60;Donne;3939
1931;61;Donne;3992
1931;62;Donne;3619
1931;63;Donne;3304
1931;64;Donne;3518
1931;65;Donne;3261
1931;66;Donne;2951
1931;67;Donne;2991
1931;68;Donne;2581
1931;69;Donne;2384
1931;70;Donne;2310
1931;71;Donne;2334
1931;72;Donne;1885
1931;73;Donne;1723
1931;74;Donne;1619
1931;75;Donne;1564
1931;76;Donne;1271
1931;77;Donne;1091
1931;78;Donne;922
1931;79;Donne;807
1931;80;Donne;825
1931;81;Donne;542
1931;82;Donne;501
1931;83;Donne;357
1931;84;Donne;266
1931;85;Donne;219
1931;86;Donne;185
1931;87;Donne;144
1931;88;Donne;39
1931;89;Donne;39
1931;90;Donne;32
1931;91;Donne;12
1931;92;Donne;13
1931;93;Donne;11
1931;94;Donne;6
1931;95;Donne;5
1931;96;Donne;2
1931;97;Donne;3
1931;98;Donne;2
1931;99;Donne;1
1931;100 e più;Donne;2
1931;Età ignota;Donne;48
1931;0;Uomini;7027
1931;1;Uomini;6480
1931;2;Uomini;5917
1931;3;Uomini;5859
1931;4;Uomini;5794
1931;5;Uomini;5771
1931;6;Uomini;5741
1931;7;Uomini;6090
1931;8;Uomini;6306
1931;9;Uomini;7151
1931;10;Uomini;7022
1931;11;Uomini;5768
1931;12;Uomini;3838
1931;13;Uomini;4355
1931;14;Uomini;5164
1931;15;Uomini;7210
1931;16;Uomini;8240
1931;17;Uomini;8527
1931;18;Uomini;9049
1931;19;Uomini;9198
1931;20;Uomini;9893
1931;21;Uomini;11244
1931;22;Uomini;9991
1931;23;Uomini;9870
1931;24;Uomini;9710
1931;25;Uomini;9501
1931;26;Uomini;9708
1931;27;Uomini;9979
1931;28;Uomini;10095
1931;29;Uomini;9641
1931;30;Uomini;9728
1931;31;Uomini;9226
1931;32;Uomini;9014
1931;33;Uomini;8751
1931;34;Uomini;8774
1931;35;Uomini;8286
1931;36;Uomini;8179
1931;37;Uomini;8245
1931;38;Uomini;7976
1931;39;Uomini;8115
1931;40;Uomini;7621
1931;41;Uomini;7792
1931;42;Uomini;7548
1931;43;Uomini;7522
1931;44;Uomini;7421
1931;45;Uomini;6819
1931;46;Uomini;6982
1931;47;Uomini;6600
1931;48;Uomini;6381
1931;49;Uomini;6482
1931;50;Uomini;5796
1931;51;Uomini;5919
1931;52;Uomini;5673
1931;53;Uomini;5502
1931;54;Uomini;5289
1931;55;Uomini;5275
1931;56;Uomini;4133
1931;57;Uomini;3910
1931;58;Uomini;3664
1931;59;Uomini;3609
1931;60;Uomini;3357
1931;61;Uomini;3181
1931;62;Uomini;3017
1931;63;Uomini;2765
1931;64;Uomini;2788
1931;65;Uomini;2543
1931;66;Uomini;2334
1931;67;Uomini;2284
1931;68;Uomini;2071
1931;69;Uomini;1876
1931;70;Uomini;1624
1931;71;Uomini;1593
1931;72;Uomini;1366
1931;73;Uomini;1247
1931;74;Uomini;1084
1931;75;Uomini;1009
1931;76;Uomini;781
1931;77;Uomini;675
1931;78;Uomini;613
1931;79;Uomini;484
1931;80;Uomini;406
1931;81;Uomini;306
1931;82;Uomini;219
1931;83;Uomini;166
1931;84;Uomini;134
1931;85;Uomini;106
1931;86;Uomini;77
1931;87;Uomini;48
1931;88;Uomini;13
1931;89;Uomini;8
1931;90;Uomini;9
1931;91;Uomini;9
1931;92;Uomini;5
1931;93;Uomini;5
1931;94;Uomini;1
1931;95;Uomini;2
1931;96;Uomini;1
1931;97;Uomini;0
1931;98;Uomini;0
1931;99;Uomini;0
1931;100 e più;Uomini;2
1931;Età ignota;Uomini;60
1951;0;Donne;5640
1951;1;Donne;5832
1951;2;Donne;6181
1951;3;Donne;6792
1951;4;Donne;7578
1951;5;Donne;8357
1951;6;Donne;6486
1951;7;Donne;7551
1951;8;Donne;7452
1951;9;Donne;7162
1951;10;Donne;8080
1951;11;Donne;8409
1951;12;Donne;8324
1951;13;Donne;8303
1951;14;Donne;7975
1951;15;Donne;8383
1951;16;Donne;8893
1951;17;Donne;8973
1951;18;Donne;9361
1951;19;Donne;9894
1951;20;Donne;10164
1951;21;Donne;10785
1951;22;Donne;10498
1951;23;Donne;9786
1951;24;Donne;10079
1951;25;Donne;10357
1951;26;Donne;9285
1951;27;Donne;11082
1951;28;Donne;11498
1951;29;Donne;13725
1951;30;Donne;12236
1951;31;Donne;13095
1951;32;Donne;7257
1951;33;Donne;7110
1951;34;Donne;7637
1951;35;Donne;9829
1951;36;Donne;12181
1951;37;Donne;12851
1951;38;Donne;13461
1951;39;Donne;13407
1951;40;Donne;13183
1951;41;Donne;13080
1951;42;Donne;13166
1951;43;Donne;12931
1951;44;Donne;12214
1951;45;Donne;11905
1951;46;Donne;11584
1951;47;Donne;11451
1951;48;Donne;10639
1951;49;Donne;10642
1951;50;Donne;10249
1951;51;Donne;9960
1951;52;Donne;9997
1951;53;Donne;9733
1951;54;Donne;9289
1951;55;Donne;9099
1951;56;Donne;8792
1951;57;Donne;8207
1951;58;Donne;8016
1951;59;Donne;7614
1951;60;Donne;7496
1951;61;Donne;7002
1951;62;Donne;7183
1951;63;Donne;6603
1951;64;Donne;6271
1951;65;Donne;5903
1951;66;Donne;5639
1951;67;Donne;5324
1951;68;Donne;4819
1951;69;Donne;4537
1951;70;Donne;4265
1951;71;Donne;3783
1951;72;Donne;3561
1951;73;Donne;3206
1951;74;Donne;3010
1951;75;Donne;2740
1951;76;Donne;2396
1951;77;Donne;1900
1951;78;Donne;1653
1951;79;Donne;1408
1951;80-84;Donne;4622
1951;85-89;Donne;1524
1951;90-94;Donne;276
1951;95-99;Donne;56
1951;100 e più;Donne;2
1951;0;Uomini;5798
1951;1;Uomini;5905
1951;2;Uomini;6437
1951;3;Uomini;7062
1951;4;Uomini;7911
1951;5;Uomini;8755
1951;6;Uomini;6821
1951;7;Uomini;7699
1951;8;Uomini;7424
1951;9;Uomini;7562
1951;10;Uomini;8255
1951;11;Uomini;8727
1951;12;Uomini;8544
1951;13;Uomini;8476
1951;14;Uomini;7569
1951;15;Uomini;7386
1951;16;Uomini;7849
1951;17;Uomini;7833
1951;18;Uomini;7916
1951;19;Uomini;8497
1951;20;Uomini;8621
1951;21;Uomini;8965
1951;22;Uomini;8769
1951;23;Uomini;8608
1951;24;Uomini;8916
1951;25;Uomini;8990
1951;26;Uomini;7958
1951;27;Uomini;9382
1951;28;Uomini;9945
1951;29;Uomini;11578
1951;30;Uomini;10913
1951;31;Uomini;10682
1951;32;Uomini;6234
1951;33;Uomini;5736
1951;34;Uomini;6356
1951;35;Uomini;8205
1951;36;Uomini;10493
1951;37;Uomini;11239
1951;38;Uomini;11596
1951;39;Uomini;11631
1951;40;Uomini;11698
1951;41;Uomini;11525
1951;42;Uomini;11366
1951;43;Uomini;11315
1951;44;Uomini;10892
1951;45;Uomini;10602
1951;46;Uomini;10136
1951;47;Uomini;10424
1951;48;Uomini;9861
1951;49;Uomini;9870
1951;50;Uomini;9465
1951;51;Uomini;9066
1951;52;Uomini;8625
1951;53;Uomini;8262
1951;54;Uomini;7873
1951;55;Uomini;7547
1951;56;Uomini;7318
1951;57;Uomini;6733
1951;58;Uomini;6790
1951;59;Uomini;6485
1951;60;Uomini;6437
1951;61;Uomini;5785
1951;62;Uomini;5841
1951;63;Uomini;5366
1951;64;Uomini;5175
1951;65;Uomini;4639
1951;66;Uomini;4322
1951;67;Uomini;4121
1951;68;Uomini;3816
1951;69;Uomini;3537
1951;70;Uomini;3260
1951;71;Uomini;2861
1951;72;Uomini;2658
1951;73;Uomini;2297
1951;74;Uomini;2159
1951;75;Uomini;1995
1951;76;Uomini;1589
1951;77;Uomini;1207
1951;78;Uomini;1015
1951;79;Uomini;904
1951;80-84;Uomini;2480
1951;85-89;Uomini;663
1951;90-94;Uomini;112
1951;95-99;Uomini;31
1951;100 e più;Uomini;0
1961;0;Donne;10084
1961;1;Donne;9436
1961;2;Donne;9046
1961;3;Donne;8730
1961;4;Donne;8454
1961;5;Donne;8591
1961;6;Donne;8025
1961;7;Donne;7769
1961;8;Donne;7514
1961;9;Donne;7783
1961;10;Donne;7640
1961;11;Donne;7903
1961;12;Donne;8330
1961;13;Donne;9281
1961;14;Donne;10574
1961;15;Donne;11302
1961;16;Donne;9473
1961;17;Donne;11013
1961;18;Donne;10715
1961;19;Donne;11202
1961;20;Donne;12653
1961;21;Donne;13486
1961;22;Donne;13582
1961;23;Donne;13763
1961;24;Donne;13028
1961;25;Donne;13015
1961;26;Donne;13519
1961;27;Donne;13401
1961;28;Donne;13495
1961;29;Donne;13765
1961;30;Donne;14248
1961;31;Donne;14420
1961;32;Donne;13953
1961;33;Donne;13449
1961;34;Donne;13395
1961;35;Donne;13437
1961;36;Donne;13619
1961;37;Donne;13908
1961;38;Donne;14043
1961;39;Donne;14859
1961;40;Donne;14373
1961;41;Donne;15204
1961;42;Donne;8117
1961;43;Donne;8163
1961;44;Donne;8742
1961;45;Donne;11149
1961;46;Donne;13642
1961;47;Donne;13963
1961;48;Donne;14744
1961;49;Donne;14448
1961;50;Donne;14296
1961;51;Donne;13778
1961;52;Donne;13655
1961;53;Donne;13412
1961;54;Donne;12625
1961;55;Donne;11982
1961;56;Donne;11704
1961;57;Donne;11272
1961;58;Donne;10477
1961;59;Donne;10254
1961;60;Donne;9835
1961;61;Donne;9452
1961;62;Donne;9193
1961;63;Donne;8916
1961;64;Donne;8539
1961;65;Donne;8055
1961;66;Donne;7705
1961;67;Donne;7161
1961;68;Donne;6705
1961;69;Donne;6329
1961;70;Donne;6136
1961;71;Donne;5667
1961;72;Donne;5597
1961;73;Donne;4997
1961;74;Donne;4652
1961;75;Donne;4324
1961;76;Donne;3854
1961;77;Donne;3567
1961;78;Donne;3048
1961;79;Donne;2692
1961;80-84;Donne;8781
1961;85-89;Donne;3040
1961;90-94;Donne;686
1961;95-99;Donne;53
1961;100 e più;Donne;1
1961;0;Uomini;11007
1961;1;Uomini;10075
1961;2;Uomini;9652
1961;3;Uomini;9167
1961;4;Uomini;9029
1961;5;Uomini;9040
1961;6;Uomini;8321
1961;7;Uomini;8098
1961;8;Uomini;8027
1961;9;Uomini;8026
1961;10;Uomini;7761
1961;11;Uomini;8238
1961;12;Uomini;8834
1961;13;Uomini;9663
1961;14;Uomini;10591
1961;15;Uomini;11356
1961;16;Uomini;9273
1961;17;Uomini;10429
1961;18;Uomini;10187
1961;19;Uomini;10689
1961;20;Uomini;11865
1961;21;Uomini;12382
1961;22;Uomini;12059
1961;23;Uomini;12352
1961;24;Uomini;11619
1961;25;Uomini;11404
1961;26;Uomini;12174
1961;27;Uomini;12280
1961;28;Uomini;12268
1961;29;Uomini;12379
1961;30;Uomini;12987
1961;31;Uomini;13465
1961;32;Uomini;12676
1961;33;Uomini;12704
1961;34;Uomini;12484
1961;35;Uomini;12062
1961;36;Uomini;12045
1961;37;Uomini;12471
1961;38;Uomini;12474
1961;39;Uomini;12805
1961;40;Uomini;12313
1961;41;Uomini;12904
1961;42;Uomini;6922
1961;43;Uomini;6735
1961;44;Uomini;7312
1961;45;Uomini;9401
1961;46;Uomini;11666
1961;47;Uomini;12160
1961;48;Uomini;12593
1961;49;Uomini;12405
1961;50;Uomini;12336
1961;51;Uomini;11979
1961;52;Uomini;11789
1961;53;Uomini;11336
1961;54;Uomini;10739
1961;55;Uomini;10421
1961;56;Uomini;9746
1961;57;Uomini;9799
1961;58;Uomini;9243
1961;59;Uomini;8882
1961;60;Uomini;8232
1961;61;Uomini;7753
1961;62;Uomini;7068
1961;63;Uomini;6671
1961;64;Uomini;6257
1961;65;Uomini;5737
1961;66;Uomini;5423
1961;67;Uomini;4848
1961;68;Uomini;4810
1961;69;Uomini;4427
1961;70;Uomini;4327
1961;71;Uomini;3789
1961;72;Uomini;3671
1961;73;Uomini;3288
1961;74;Uomini;3041
1961;75;Uomini;2693
1961;76;Uomini;2361
1961;77;Uomini;2154
1961;78;Uomini;1903
1961;79;Uomini;1630
1961;80-84;Uomini;4703
1961;85-89;Uomini;1442
1961;90-94;Uomini;278
1961;95-99;Uomini;39
1961;100 e più;Uomini;2
1971;0;Donne;9718
1971;1;Donne;11555
1971;2;Donne;11928
1971;3;Donne;11572
1971;4;Donne;11635
1971;5;Donne;11362
1971;6;Donne;12254
1971;7;Donne;12613
1971;8;Donne;11605
1971;9;Donne;11180
1971;10;Donne;11693
1971;11;Donne;10289
1971;12;Donne;9991
1971;13;Donne;9774
1971;14;Donne;9850
1971;15;Donne;9617
1971;16;Donne;9621
1971;17;Donne;9552
1971;18;Donne;9616
1971;19;Donne;10048
1971;20;Donne;10595
1971;21;Donne;11344
1971;22;Donne;12046
1971;23;Donne;13463
1971;24;Donne;14191
1971;25;Donne;15503
1971;26;Donne;11950
1971;27;Donne;13049
1971;28;Donne;13017
1971;29;Donne;13390
1971;30;Donne;13915
1971;31;Donne;15110
1971;32;Donne;14592
1971;33;Donne;14610
1971;34;Donne;13804
1971;35;Donne;13175
1971;36;Donne;13703
1971;37;Donne;13560
1971;38;Donne;13421
1971;39;Donne;13696
1971;40;Donne;13918
1971;41;Donne;14612
1971;42;Donne;13769
1971;43;Donne;13477
1971;44;Donne;13673
1971;45;Donne;13300
1971;46;Donne;13523
1971;47;Donne;13689
1971;48;Donne;14046
1971;49;Donne;14291
1971;50;Donne;14602
1971;51;Donne;14572
1971;52;Donne;9369
1971;53;Donne;7676
1971;54;Donne;8087
1971;55;Donne;9758
1971;56;Donne;12313
1971;57;Donne;12726
1971;58;Donne;12899
1971;59;Donne;12951
1971;60;Donne;12227
1971;61;Donne;12044
1971;62;Donne;11451
1971;63;Donne;11268
1971;64;Donne;10288
1971;65;Donne;9976
1971;66;Donne;9266
1971;67;Donne;9073
1971;68;Donne;8457
1971;69;Donne;8103
1971;70;Donne;7597
1971;71;Donne;7141
1971;72;Donne;6880
1971;73;Donne;6517
1971;74;Donne;6053
1971;75;Donne;5633
1971;76;Donne;5119
1971;77;Donne;4492
1971;78;Donne;4161
1971;79;Donne;3616
1971;80-84;Donne;13145
1971;85-89;Donne;5317
1971;90-94;Donne;1319
1971;95 e più;Donne;215
1971;0;Uomini;10432
1971;1;Uomini;12362
1971;2;Uomini;12599
1971;3;Uomini;12183
1971;4;Uomini;12378
1971;5;Uomini;11924
1971;6;Uomini;13125
1971;7;Uomini;13071
1971;8;Uomini;11989
1971;9;Uomini;11189
1971;10;Uomini;12388
1971;11;Uomini;10725
1971;12;Uomini;10267
1971;13;Uomini;10068
1971;14;Uomini;9964
1971;15;Uomini;9989
1971;16;Uomini;9841
1971;17;Uomini;9775
1971;18;Uomini;9935
1971;19;Uomini;9844
1971;20;Uomini;9854
1971;21;Uomini;10642
1971;22;Uomini;11703
1971;23;Uomini;13149
1971;24;Uomini;13871
1971;25;Uomini;15300
1971;26;Uomini;11952
1971;27;Uomini;12673
1971;28;Uomini;12673
1971;29;Uomini;12707
1971;30;Uomini;13112
1971;31;Uomini;14480
1971;32;Uomini;14143
1971;33;Uomini;13891
1971;34;Uomini;12657
1971;35;Uomini;11977
1971;36;Uomini;12333
1971;37;Uomini;12308
1971;38;Uomini;12117
1971;39;Uomini;12129
1971;40;Uomini;12395
1971;41;Uomini;13166
1971;42;Uomini;12524
1971;43;Uomini;12029
1971;44;Uomini;12131
1971;45;Uomini;11630
1971;46;Uomini;11647
1971;47;Uomini;11790
1971;48;Uomini;12196
1971;49;Uomini;11845
1971;50;Uomini;12017
1971;51;Uomini;12021
1971;52;Uomini;7710
1971;53;Uomini;6292
1971;54;Uomini;6601
1971;55;Uomini;8201
1971;56;Uomini;10407
1971;57;Uomini;10832
1971;58;Uomini;10859
1971;59;Uomini;10779
1971;60;Uomini;10012
1971;61;Uomini;9919
1971;62;Uomini;8961
1971;63;Uomini;8581
1971;64;Uomini;7829
1971;65;Uomini;7215
1971;66;Uomini;6654
1971;67;Uomini;6363
1971;68;Uomini;5853
1971;69;Uomini;5545
1971;70;Uomini;4938
1971;71;Uomini;4506
1971;72;Uomini;4039
1971;73;Uomini;3664
1971;74;Uomini;3236
1971;75;Uomini;2932
1971;76;Uomini;2545
1971;77;Uomini;2198
1971;78;Uomini;2107
1971;79;Uomini;1841
1971;80-84;Uomini;6043
1971;85-89;Uomini;2256
1971;90-94;Uomini;476
1971;95 e più;Uomini;76
1981;0;Donne;5532
1981;1;Donne;5715
1981;2;Donne;6109
1981;3;Donne;6291
1981;4;Donne;6891
1981;5;Donne;7779
1981;6;Donne;8529
1981;7;Donne;9246
1981;8;Donne;9713
1981;9;Donne;10051
1981;10;Donne;10198
1981;11;Donne;10289
1981;12;Donne;10774
1981;13;Donne;10654
1981;14;Donne;10964
1981;15;Donne;11641
1981;16;Donne;11903
1981;17;Donne;12114
1981;18;Donne;11246
1981;19;Donne;11106
1981;20;Donne;10814
1981;21;Donne;10623
1981;22;Donne;10468
1981;23;Donne;10051
1981;24;Donne;10226
1981;25;Donne;9954
1981;26;Donne;10053
1981;27;Donne;9801
1981;28;Donne;9719
1981;29;Donne;10052
1981;30;Donne;10304
1981;31;Donne;10729
1981;32;Donne;11237
1981;33;Donne;12187
1981;34;Donne;12753
1981;35;Donne;12923
1981;36;Donne;10481
1981;37;Donne;11699
1981;38;Donne;11396
1981;39;Donne;11711
1981;40;Donne;12596
1981;41;Donne;13506
1981;42;Donne;13427
1981;43;Donne;13291
1981;44;Donne;12490
1981;45;Donne;12333
1981;46;Donne;12732
1981;47;Donne;12537
1981;48;Donne;12506
1981;49;Donne;12825
1981;50;Donne;13006
1981;51;Donne;13254
1981;52;Donne;12709
1981;53;Donne;12345
1981;54;Donne;12146
1981;55;Donne;11911
1981;56;Donne;11993
1981;57;Donne;11972
1981;58;Donne;12128
1981;59;Donne;12472
1981;60;Donne;11803
1981;61;Donne;12368
1981;62;Donne;6549
1981;63;Donne;6389
1981;64;Donne;6698
1981;65;Donne;8246
1981;66;Donne;9940
1981;67;Donne;10251
1981;68;Donne;10439
1981;69;Donne;10068
1981;70;Donne;9779
1981;71;Donne;9193
1981;72;Donne;8898
1981;73;Donne;8253
1981;74;Donne;7655
1981;75;Donne;7003
1981;76;Donne;6554
1981;77;Donne;6113
1981;78;Donne;5448
1981;79;Donne;5149
1981;80;Donne;4569
1981;81;Donne;4017
1981;82;Donne;3571
1981;83;Donne;3161
1981;84;Donne;2731
1981;85;Donne;2313
1981;86;Donne;1926
1981;87;Donne;1496
1981;88;Donne;1168
1981;89;Donne;944
1981;90;Donne;704
1981;91;Donne;591
1981;92;Donne;436
1981;93;Donne;254
1981;94;Donne;196
1981;95;Donne;157
1981;96;Donne;107
1981;97;Donne;60
1981;98;Donne;24
1981;99 e più;Donne;64
1981;0;Uomini;5974
1981;1;Uomini;6093
1981;2;Uomini;6475
1981;3;Uomini;6824
1981;4;Uomini;7270
1981;5;Uomini;8000
1981;6;Uomini;8971
1981;7;Uomini;9867
1981;8;Uomini;10158
1981;9;Uomini;10444
1981;10;Uomini;10858
1981;11;Uomini;10864
1981;12;Uomini;11356
1981;13;Uomini;11233
1981;14;Uomini;11530
1981;15;Uomini;12181
1981;16;Uomini;12541
1981;17;Uomini;12425
1981;18;Uomini;11518
1981;19;Uomini;11197
1981;20;Uomini;11510
1981;21;Uomini;11583
1981;22;Uomini;11076
1981;23;Uomini;10993
1981;24;Uomini;10955
1981;25;Uomini;11098
1981;26;Uomini;10427
1981;27;Uomini;10219
1981;28;Uomini;10155
1981;29;Uomini;9935
1981;30;Uomini;9881
1981;31;Uomini;10039
1981;32;Uomini;10570
1981;33;Uomini;11166
1981;34;Uomini;11751
1981;35;Uomini;12145
1981;36;Uomini;9789
1981;37;Uomini;10522
1981;38;Uomini;10437
1981;39;Uomini;10667
1981;40;Uomini;11536
1981;41;Uomini;12114
1981;42;Uomini;12164
1981;43;Uomini;12027
1981;44;Uomini;10983
1981;45;Uomini;10758
1981;46;Uomini;11107
1981;47;Uomini;11215
1981;48;Uomini;10858
1981;49;Uomini;10980
1981;50;Uomini;11348
1981;51;Uomini;11687
1981;52;Uomini;11166
1981;53;Uomini;10865
1981;54;Uomini;10789
1981;55;Uomini;10305
1981;56;Uomini;10131
1981;57;Uomini;10208
1981;58;Uomini;10090
1981;59;Uomini;10042
1981;60;Uomini;9415
1981;61;Uomini;9591
1981;62;Uomini;5053
1981;63;Uomini;4753
1981;64;Uomini;4996
1981;65;Uomini;6639
1981;66;Uomini;7438
1981;67;Uomini;7355
1981;68;Uomini;7371
1981;69;Uomini;6934
1981;70;Uomini;6244
1981;71;Uomini;5947
1981;72;Uomini;5411
1981;73;Uomini;4921
1981;74;Uomini;4343
1981;75;Uomini;3867
1981;76;Uomini;3329
1981;77;Uomini;3021
1981;78;Uomini;2708
1981;79;Uomini;2298
1981;80;Uomini;1982
1981;81;Uomini;1703
1981;82;Uomini;1430
1981;83;Uomini;1190
1981;84;Uomini;944
1981;85;Uomini;760
1981;86;Uomini;613
1981;87;Uomini;479
1981;88;Uomini;403
1981;89;Uomini;290
1981;90;Uomini;217
1981;91;Uomini;179
1981;92;Uomini;114
1981;93;Uomini;92
1981;94;Uomini;55
1981;95;Uomini;43
1981;96;Uomini;23
1981;97;Uomini;16
1981;98;Uomini;16
1981;99 e più;Uomini;6
1991;0;Donne;4553
1991;1;Donne;4405
1991;2;Donne;4361
1991;3;Donne;4354
1991;4;Donne;3997
1991;5;Donne;4067
1991;6;Donne;4185
1991;7;Donne;4243
1991;8;Donne;4351
1991;9;Donne;4502
1991;10;Donne;4458
1991;11;Donne;4592
1991;12;Donne;5065
1991;13;Donne;5557
1991;14;Donne;6058
1991;15;Donne;6673
1991;16;Donne;7583
1991;17;Donne;8546
1991;18;Donne;9315
1991;19;Donne;9439
1991;20;Donne;9937
1991;21;Donne;10202
1991;22;Donne;10597
1991;23;Donne;10606
1991;24;Donne;10761
1991;25;Donne;11266
1991;26;Donne;11284
1991;27;Donne;11177
1991;28;Donne;10530
1991;29;Donne;10146
1991;30;Donne;9853
1991;31;Donne;9466
1991;32;Donne;9208
1991;33;Donne;8901
1991;34;Donne;8917
1991;35;Donne;8733
1991;36;Donne;8748
1991;37;Donne;8466
1991;38;Donne;8277
1991;39;Donne;8699
1991;40;Donne;8850
1991;41;Donne;9158
1991;42;Donne;9669
1991;43;Donne;10485
1991;44;Donne;11181
1991;45;Donne;11280
1991;46;Donne;9231
1991;47;Donne;10596
1991;48;Donne;10191
1991;49;Donne;10479
1991;50;Donne;11325
1991;51;Donne;12059
1991;52;Donne;12096
1991;53;Donne;11774
1991;54;Donne;11044
1991;55;Donne;10896
1991;56;Donne;10980
1991;57;Donne;10955
1991;58;Donne;10573
1991;59;Donne;10712
1991;60;Donne;10825
1991;61;Donne;10975
1991;62;Donne;10292
1991;63;Donne;9921
1991;64;Donne;9836
1991;65;Donne;9519
1991;66;Donne;9607
1991;67;Donne;9499
1991;68;Donne;9590
1991;69;Donne;9824
1991;70;Donne;9283
1991;71;Donne;9528
1991;72;Donne;4982
1991;73;Donne;4841
1991;74;Donne;5103
1991;75;Donne;6056
1991;76;Donne;7256
1991;77;Donne;7168
1991;78;Donne;7166
1991;79;Donne;6730
1991;80;Donne;6127
1991;81;Donne;5586
1991;82;Donne;5026
1991;83;Donne;4389
1991;84;Donne;3813
1991;85;Donne;3196
1991;86;Donne;2790
1991;87;Donne;2355
1991;88;Donne;1888
1991;89;Donne;1632
1991;90;Donne;1277
1991;91;Donne;924
1991;92;Donne;668
1991;93;Donne;514
1991;94;Donne;392
1991;95;Donne;262
1991;96;Donne;175
1991;97;Donne;107
1991;98;Donne;79
1991;99;Donne;45
1991;100 e più;Donne;62
1991;0;Uomini;4723
1991;1;Uomini;4705
1991;2;Uomini;4567
1991;3;Uomini;4572
1991;4;Uomini;4218
1991;5;Uomini;4249
1991;6;Uomini;4380
1991;7;Uomini;4354
1991;8;Uomini;4544
1991;9;Uomini;4797
1991;10;Uomini;4825
1991;11;Uomini;5074
1991;12;Uomini;5419
1991;13;Uomini;5951
1991;14;Uomini;6226
1991;15;Uomini;6921
1991;16;Uomini;7921
1991;17;Uomini;8943
1991;18;Uomini;9633
1991;19;Uomini;9821
1991;20;Uomini;10515
1991;21;Uomini;10759
1991;22;Uomini;11400
1991;23;Uomini;11585
1991;24;Uomini;11846
1991;25;Uomini;12287
1991;26;Uomini;12625
1991;27;Uomini;12034
1991;28;Uomini;11123
1991;29;Uomini;10488
1991;30;Uomini;10432
1991;31;Uomini;10037
1991;32;Uomini;9524
1991;33;Uomini;9342
1991;34;Uomini;9089
1991;35;Uomini;8907
1991;36;Uomini;8339
1991;37;Uomini;8264
1991;38;Uomini;7982
1991;39;Uomini;8038
1991;40;Uomini;7903
1991;41;Uomini;8092
1991;42;Uomini;8581
1991;43;Uomini;9049
1991;44;Uomini;9551
1991;45;Uomini;9969
1991;46;Uomini;8089
1991;47;Uomini;8852
1991;48;Uomini;8859
1991;49;Uomini;9055
1991;50;Uomini;9828
1991;51;Uomini;10434
1991;52;Uomini;10644
1991;53;Uomini;10442
1991;54;Uomini;9462
1991;55;Uomini;9317
1991;56;Uomini;9490
1991;57;Uomini;9516
1991;58;Uomini;8989
1991;59;Uomini;9031
1991;60;Uomini;9091
1991;61;Uomini;9214
1991;62;Uomini;8569
1991;63;Uomini;8163
1991;64;Uomini;7917
1991;65;Uomini;7378
1991;66;Uomini;7166
1991;67;Uomini;7092
1991;68;Uomini;6830
1991;69;Uomini;6645
1991;70;Uomini;6258
1991;71;Uomini;6090
1991;72;Uomini;3177
1991;73;Uomini;2912
1991;74;Uomini;3003
1991;75;Uomini;3635
1991;76;Uomini;4171
1991;77;Uomini;3973
1991;78;Uomini;3782
1991;79;Uomini;3469
1991;80;Uomini;2886
1991;81;Uomini;2645
1991;82;Uomini;2213
1991;83;Uomini;1817
1991;84;Uomini;1456
1991;85;Uomini;1191
1991;86;Uomini;970
1991;87;Uomini;755
1991;88;Uomini;613
1991;89;Uomini;488
1991;90;Uomini;388
1991;91;Uomini;247
1991;92;Uomini;171
1991;93;Uomini;90
1991;94;Uomini;81
1991;95;Uomini;65
1991;96;Uomini;33
1991;97;Uomini;24
1991;98;Uomini;14
1991;99;Uomini;10
1991;100 e più;Uomini;7
2001;0;Donne;5220
2001;1;Donne;4902
2001;2;Donne;4580
2001;3;Donne;4414
2001;4;Donne;4387
2001;5;Donne;4361
2001;6;Donne;4170
2001;7;Donne;4208
2001;8;Donne;4297
2001;9;Donne;4274
2001;10;Donne;4264
2001;11;Donne;4319
2001;12;Donne;4125
2001;13;Donne;4067
2001;14;Donne;3789
2001;15;Donne;3972
2001;16;Donne;4104
2001;17;Donne;4083
2001;18;Donne;4383
2001;19;Donne;4900
2001;20;Donne;4921
2001;21;Donne;5116
2001;22;Donne;5759
2001;23;Donne;6171
2001;24;Donne;6815
2001;25;Donne;7599
2001;26;Donne;8631
2001;27;Donne;9533
2001;28;Donne;9924
2001;29;Donne;10377
2001;30;Donne;10673
2001;31;Donne;10497
2001;32;Donne;10748
2001;33;Donne;10568
2001;34;Donne;10370
2001;35;Donne;10767
2001;36;Donne;10893
2001;37;Donne;10596
2001;38;Donne;9984
2001;39;Donne;9594
2001;40;Donne;9332
2001;41;Donne;9025
2001;42;Donne;8790
2001;43;Donne;8318
2001;44;Donne;8348
2001;45;Donne;8150
2001;46;Donne;8194
2001;47;Donne;7925
2001;48;Donne;7783
2001;49;Donne;8085
2001;50;Donne;8225
2001;51;Donne;8613
2001;52;Donne;8937
2001;53;Donne;9697
2001;54;Donne;10236
2001;55;Donne;10278
2001;56;Donne;8362
2001;57;Donne;9303
2001;58;Donne;9169
2001;59;Donne;9384
2001;60;Donne;10165
2001;61;Donne;10707
2001;62;Donne;10521
2001;63;Donne;10260
2001;64;Donne;9511
2001;65;Donne;9459
2001;66;Donne;9534
2001;67;Donne;9369
2001;68;Donne;9048
2001;69;Donne;9191
2001;70;Donne;9270
2001;71;Donne;9297
2001;72;Donne;8655
2001;73;Donne;8177
2001;74;Donne;8010
2001;75;Donne;7753
2001;76;Donne;7686
2001;77;Donne;7462
2001;78;Donne;7352
2001;79;Donne;7214
2001;80;Donne;6653
2001;81;Donne;6552
2001;82;Donne;3288
2001;83;Donne;3041
2001;84;Donne;3055
2001;85;Donne;3476
2001;86;Donne;3955
2001;87;Donne;3582
2001;88;Donne;3350
2001;89;Donne;2794
2001;90;Donne;2360
2001;91;Donne;1877
2001;92;Donne;1418
2001;93;Donne;1122
2001;94;Donne;761
2001;95;Donne;515
2001;96;Donne;384
2001;97;Donne;257
2001;98;Donne;192
2001;99;Donne;116
2001;100 e più;Donne;185
2001;0;Uomini;5448
2001;1;Uomini;5159
2001;2;Uomini;4995
2001;3;Uomini;4842
2001;4;Uomini;4750
2001;5;Uomini;4658
2001;6;Uomini;4449
2001;7;Uomini;4573
2001;8;Uomini;4528
2001;9;Uomini;4488
2001;10;Uomini;4411
2001;11;Uomini;4461
2001;12;Uomini;4420
2001;13;Uomini;4260
2001;14;Uomini;4028
2001;15;Uomini;4157
2001;16;Uomini;4323
2001;17;Uomini;4362
2001;18;Uomini;4631
2001;19;Uomini;5075
2001;20;Uomini;5238
2001;21;Uomini;5542
2001;22;Uomini;5992
2001;23;Uomini;6449
2001;24;Uomini;7063
2001;25;Uomini;7702
2001;26;Uomini;8853
2001;27;Uomini;9788
2001;28;Uomini;10266
2001;29;Uomini;10500
2001;30;Uomini;10883
2001;31;Uomini;10887
2001;32;Uomini;11095
2001;33;Uomini;10871
2001;34;Uomini;10755
2001;35;Uomini;11134
2001;36;Uomini;10988
2001;37;Uomini;10712
2001;38;Uomini;9869
2001;39;Uomini;9358
2001;40;Uomini;9276
2001;41;Uomini;8905
2001;42;Uomini;8411
2001;43;Uomini;8256
2001;44;Uomini;7903
2001;45;Uomini;7895
2001;46;Uomini;7344
2001;47;Uomini;7374
2001;48;Uomini;7164
2001;49;Uomini;7108
2001;50;Uomini;7123
2001;51;Uomini;7314
2001;52;Uomini;7707
2001;53;Uomini;8174
2001;54;Uomini;8546
2001;55;Uomini;8928
2001;56;Uomini;7162
2001;57;Uomini;7756
2001;58;Uomini;7738
2001;59;Uomini;7778
2001;60;Uomini;8390
2001;61;Uomini;8932
2001;62;Uomini;8853
2001;63;Uomini;8596
2001;64;Uomini;7740
2001;65;Uomini;7399
2001;66;Uomini;7522
2001;67;Uomini;7379
2001;68;Uomini;6915
2001;69;Uomini;6902
2001;70;Uomini;6901
2001;71;Uomini;6762
2001;72;Uomini;6105
2001;73;Uomini;5857
2001;74;Uomini;5457
2001;75;Uomini;4937
2001;76;Uomini;4557
2001;77;Uomini;4549
2001;78;Uomini;4169
2001;79;Uomini;3957
2001;80;Uomini;3601
2001;81;Uomini;3331
2001;82;Uomini;1598
2001;83;Uomini;1377
2001;84;Uomini;1354
2001;85;Uomini;1466
2001;86;Uomini;1602
2001;87;Uomini;1407
2001;88;Uomini;1201
2001;89;Uomini;942
2001;90;Uomini;807
2001;91;Uomini;605
2001;92;Uomini;372
2001;93;Uomini;264
2001;94;Uomini;152
2001;95;Uomini;120
2001;96;Uomini;83
2001;97;Uomini;64
2001;98;Uomini;32
2001;99;Uomini;20
2001;100 e più;Uomini;26
2011;0;Donne;5235
2011;1;Donne;5319
2011;2;Donne;5458
2011;3;Donne;5492
2011;4;Donne;5371
2011;5;Donne;5270
2011;6;Donne;5218
2011;7;Donne;5124
2011;8;Donne;5098
2011;9;Donne;5003
2011;10;Donne;4983
2011;11;Donne;4918
2011;12;Donne;4563
2011;13;Donne;4611
2011;14;Donne;4651
2011;15;Donne;4531
2011;16;Donne;4445
2011;17;Donne;4525
2011;18;Donne;4605
2011;19;Donne;4643
2011;20;Donne;4710
2011;21;Donne;4804
2011;22;Donne;4894
2011;23;Donne;5053
2011;24;Donne;4978
2011;25;Donne;5208
2011;26;Donne;5601
2011;27;Donne;6025
2011;28;Donne;6452
2011;29;Donne;7087
2011;30;Donne;7070
2011;31;Donne;7259
2011;32;Donne;7774
2011;33;Donne;7976
2011;34;Donne;8570
2011;35;Donne;9003
2011;36;Donne;9811
2011;37;Donne;10361
2011;38;Donne;10670
2011;39;Donne;10897
2011;40;Donne;10996
2011;41;Donne;10743
2011;42;Donne;10845
2011;43;Donne;10857
2011;44;Donne;10763
2011;45;Donne;10935
2011;46;Donne;10919
2011;47;Donne;10738
2011;48;Donne;10198
2011;49;Donne;9673
2011;50;Donne;9304
2011;51;Donne;9259
2011;52;Donne;8732
2011;53;Donne;8390
2011;54;Donne;8399
2011;55;Donne;8159
2011;56;Donne;7917
2011;57;Donne;7688
2011;58;Donne;7465
2011;59;Donne;7588
2011;60;Donne;7597
2011;61;Donne;7894
2011;62;Donne;8173
2011;63;Donne;8743
2011;64;Donne;9267
2011;65;Donne;9069
2011;66;Donne;7404
2011;67;Donne;8167
2011;68;Donne;8016
2011;69;Donne;8159
2011;70;Donne;8841
2011;71;Donne;9297
2011;72;Donne;9277
2011;73;Donne;8892
2011;74;Donne;8232
2011;75;Donne;7940
2011;76;Donne;8024
2011;77;Donne;7695
2011;78;Donne;7317
2011;79;Donne;7238
2011;80;Donne;7152
2011;81;Donne;6954
2011;82;Donne;6277
2011;83;Donne;5746
2011;84;Donne;5249
2011;85;Donne;4863
2011;86;Donne;4536
2011;87;Donne;4155
2011;88;Donne;3686
2011;89;Donne;3454
2011;90-94;Donne;7877
2011;95-99;Donne;2686
2011;100 e più;Donne;434
2011;0;Uomini;5553
2011;1;Uomini;5638
2011;2;Uomini;5751
2011;3;Uomini;5883
2011;4;Uomini;5715
2011;5;Uomini;5631
2011;6;Uomini;5589
2011;7;Uomini;5459
2011;8;Uomini;5653
2011;9;Uomini;5400
2011;10;Uomini;5211
2011;11;Uomini;5119
2011;12;Uomini;5019
2011;13;Uomini;5070
2011;14;Uomini;4950
2011;15;Uomini;4922
2011;16;Uomini;4768
2011;17;Uomini;4951
2011;18;Uomini;5005
2011;19;Uomini;5018
2011;20;Uomini;5103
2011;21;Uomini;5223
2011;22;Uomini;5259
2011;23;Uomini;5273
2011;24;Uomini;5066
2011;25;Uomini;5306
2011;26;Uomini;5595
2011;27;Uomini;5965
2011;28;Uomini;6381
2011;29;Uomini;6825
2011;30;Uomini;6961
2011;31;Uomini;7215
2011;32;Uomini;7533
2011;33;Uomini;7941
2011;34;Uomini;8077
2011;35;Uomini;8627
2011;36;Uomini;9299
2011;37;Uomini;10015
2011;38;Uomini;10196
2011;39;Uomini;10182
2011;40;Uomini;10460
2011;41;Uomini;10315
2011;42;Uomini;10516
2011;43;Uomini;10300
2011;44;Uomini;10147
2011;45;Uomini;10601
2011;46;Uomini;10408
2011;47;Uomini;10056
2011;48;Uomini;9309
2011;49;Uomini;8925
2011;50;Uomini;8691
2011;51;Uomini;8342
2011;52;Uomini;7923
2011;53;Uomini;7803
2011;54;Uomini;7457
2011;55;Uomini;7317
2011;56;Uomini;6891
2011;57;Uomini;6791
2011;58;Uomini;6598
2011;59;Uomini;6460
2011;60;Uomini;6354
2011;61;Uomini;6385
2011;62;Uomini;6735
2011;63;Uomini;6987
2011;64;Uomini;7391
2011;65;Uomini;7469
2011;66;Uomini;5970
2011;67;Uomini;6429
2011;68;Uomini;6366
2011;69;Uomini;6288
2011;70;Uomini;6798
2011;71;Uomini;7189
2011;72;Uomini;6994
2011;73;Uomini;6856
2011;74;Uomini;6012
2011;75;Uomini;5524
2011;76;Uomini;5567
2011;77;Uomini;5328
2011;78;Uomini;4951
2011;79;Uomini;4760
2011;80;Uomini;4490
2011;81;Uomini;4256
2011;82;Uomini;3608
2011;83;Uomini;3302
2011;84;Uomini;2794
2011;85;Uomini;2397
2011;86;Uomini;2036
2011;87;Uomini;1904
2011;88;Uomini;1592
2011;89;Uomini;1272
2011;90-94;Uomini;2683
2011;95-99;Uomini;574
2011;100 e più;Uomini;60
